wkt;
"POLYGON((-111.9872904 33.5783365, -111.9872904 33.5900273, -111.9686651 33.5900273, -111.9686651 33.5783365, -111.9872904 33.5783365))"
