wkt;
"POINT (-111.9780030 33.5826085)"
"POINT (-111.9778160 33.5827762)"
"POINT (-111.9778180 33.5826085)"
"POINT (-111.9780030 33.5827763)"
