wkt;
"POLYGON((-112.0239615 33.6832823, -112.0239615 33.6917275, -112.0028257 33.6917275, -112.0028257 33.6832823, -112.0239615 33.6832823))"
